Datetime,Water Level (m)
2025-12-16 12:00:00,0.4582948
2025-12-16 13:00:00,0.51692057
2025-12-16 14:00:00,0.45541462
2025-12-16 15:00:00,0.23169167
2025-12-16 16:00:00,-0.074131556
2025-12-16 17:00:00,-0.41118887
2025-12-16 18:00:00,-0.66249645
2025-12-16 19:00:00,-0.76855433
2025-12-16 20:00:00,-0.6967127
2025-12-16 21:00:00,-0.5014494
2025-12-16 22:00:00,-0.213653
2025-12-16 23:00:00,0.036672696
2025-12-17 00:00:00,0.18805134
2025-12-17 01:00:00,0.21101706
2025-12-17 02:00:00,0.115038596
2025-12-17 03:00:00,-0.115649536
2025-12-17 04:00:00,-0.39842686
2025-12-17 05:00:00,-0.672363
2025-12-17 06:00:00,-0.88503027
2025-12-17 07:00:00,-0.96303046
2025-12-17 08:00:00,-0.8345008
2025-12-17 09:00:00,-0.5453592
2025-12-17 10:00:00,-0.1794593
2025-12-17 11:00:00,0.1911236
2025-12-17 12:00:00,0.45993567
2025-12-17 13:00:00,0.59440404
2025-12-17 14:00:00,0.59277356
2025-12-17 15:00:00,0.42500907
2025-12-17 16:00:00,0.12101732
2025-12-17 17:00:00,-0.22042817
2025-12-17 18:00:00,-0.57272536
2025-12-17 19:00:00,-0.788063
2025-12-17 20:00:00,-0.8622473
2025-12-17 21:00:00,-0.7463428
2025-12-17 22:00:00,-0.4815938
2025-12-17 23:00:00,-0.15912892
2025-12-18 00:00:00,0.12515073
2025-12-18 01:00:00,0.25213405
2025-12-18 02:00:00,0.23681365
2025-12-18 03:00:00,0.06800791
2025-12-18 04:00:00,-0.21901178
2025-12-18 05:00:00,-0.54235214
2025-12-18 06:00:00,-0.8047905
2025-12-18 07:00:00,-1.0016284
2025-12-18 08:00:00,-0.98508614
2025-12-18 09:00:00,-0.77791435
2025-12-18 10:00:00,-0.45044714
2025-12-18 11:00:00,-0.038245376
2025-12-18 12:00:00,0.337094
2025-12-18 13:00:00,0.59966105
2025-12-18 14:00:00,0.7159065
2025-12-18 15:00:00,0.6423173
2025-12-18 16:00:00,0.36790165
2025-12-18 17:00:00,-0.0017264073
2025-12-18 18:00:00,-0.400747
2025-12-18 19:00:00,-0.72274214
2025-12-18 20:00:00,-0.93162936
2025-12-18 21:00:00,-0.917944
2025-12-18 22:00:00,-0.69937605
2025-12-18 23:00:00,-0.3848039
2025-12-19 00:00:00,-0.027844211
2025-12-19 01:00:00,0.23086466
2025-12-19 02:00:00,0.318455
2025-12-19 03:00:00,0.23221198
2025-12-19 04:00:00,0.00015245093
2025-12-19 05:00:00,-0.32247806
2025-12-19 06:00:00,-0.64850485
2025-12-19 07:00:00,-0.9181314
2025-12-19 08:00:00,-1.0590075
2025-12-19 09:00:00,-0.9712421
2025-12-19 10:00:00,-0.68691736
2025-12-19 11:00:00,-0.301127
2025-12-19 12:00:00,0.1530842
2025-12-19 13:00:00,0.52946967
2025-12-19 14:00:00,0.76734203
2025-12-19 15:00:00,0.7889767
2025-12-19 16:00:00,0.6029184
2025-12-19 17:00:00,0.2599605
2025-12-19 18:00:00,-0.17207438
2025-12-19 19:00:00,-0.5618695
2025-12-19 20:00:00,-0.8786694
2025-12-19 21:00:00,-1.0064605
2025-12-19 22:00:00,-0.88795495
2025-12-19 23:00:00,-0.60884666
2025-12-20 00:00:00,-0.23938388
2025-12-20 01:00:00,0.12841745
2025-12-20 02:00:00,0.32332748
2025-12-20 03:00:00,0.33440092
2025-12-20 04:00:00,0.1926649
2025-12-20 05:00:00,-0.10592061
2025-12-20 06:00:00,-0.46097386
2025-12-20 07:00:00,-0.78457314
2025-12-20 08:00:00,-1.0337533
2025-12-20 09:00:00,-1.0910871
2025-12-20 10:00:00,-0.9084526
2025-12-20 11:00:00,-0.56196517
2025-12-20 12:00:00,-0.12539159
2025-12-20 13:00:00,0.34358218
2025-12-20 14:00:00,0.69160116
2025-12-20 15:00:00,0.8505162
2025-12-20 16:00:00,0.7726993
2025-12-20 17:00:00,0.49957734
2025-12-20 18:00:00,0.058557257
2025-12-20 19:00:00,-0.3645521
2025-12-20 20:00:00,-0.7600377
2025-12-20 21:00:00,-1.0203351
2025-12-20 22:00:00,-1.0513709
2025-12-20 23:00:00,-0.8376513
2025-12-21 00:00:00,-0.49022985
2025-12-21 01:00:00,-0.093070336
2025-12-21 02:00:00,0.24918692
2025-12-21 03:00:00,0.36879066
2025-12-21 04:00:00,0.3113712
2025-12-21 05:00:00,0.087062575
2025-12-21 06:00:00,-0.25086057
2025-12-21 07:00:00,-0.6002043
2025-12-21 08:00:00,-0.902286
2025-12-21 09:00:00,-1.1042423
2025-12-21 10:00:00,-1.0844539
2025-12-21 11:00:00,-0.82017344
2025-12-21 12:00:00,-0.42577296
2025-12-21 13:00:00,0.07575917
2025-12-21 14:00:00,0.528725
2025-12-21 15:00:00,0.8074948
2025-12-21 16:00:00,0.8643385
2025-12-21 17:00:00,0.6942286
2025-12-21 18:00:00,0.2939037
2025-12-21 19:00:00,-0.16183878
2025-12-21 20:00:00,-0.5687693
2025-12-21 21:00:00,-0.90652573
2025-12-21 22:00:00,-1.0874954
2025-12-21 23:00:00,-1.0141187
2025-12-22 00:00:00,-0.71190375
2025-12-22 01:00:00,-0.3311126
2025-12-22 02:00:00,0.059695173
2025-12-22 03:00:00,0.3171207
2025-12-22 04:00:00,0.3936549
2025-12-22 05:00:00,0.2802153
2025-12-22 06:00:00,-0.022605225
2025-12-22 07:00:00,-0.37630424
2025-12-22 08:00:00,-0.71458316
2025-12-22 09:00:00,-0.97770315
2025-12-22 10:00:00,-1.1039901
2025-12-22 11:00:00,-0.9912268
2025-12-22 12:00:00,-0.66515505
